Id,Values
2,"1.234, 5.678"
3,"123.456, 78.9, 0.123"
4,"0.0001, 0.0002, 0.0003"
5,"987654.321, 1234.56"
6,"0.123456789, 0.987654"
7,"12.34, 56.78, 90.12"
8,567.89
9,"0.001, 0.01, 0.1, 1.0"
10,"12345678.9, 987654.321, 123.456"
